,农林牧渔产品和服务,煤炭采选产品,石油和天然气开采产品,金属矿采选产品,非金属矿和其他矿采选产品,食品和烟草,纺织品,纺织服装鞋帽皮革羽绒及其制品,木材加工品和家具,造纸印刷和文教体育用品,石油、炼焦产品和核燃料加工品,化学产品,非金属矿物制品,金属冶炼和压延加工品,金属制品,通用设备,专用设备,交通运输设备,电气机械和器材,通信设备、计算机和其他电子设备,仪器仪表,其他制造产品和废品废料,金属制品、机械和设备修理服务,电力、热力的生产和供应,燃气生产和供应,水的生产和供应,建筑,批发和零售,交通运输、仓储和邮政,住宿和餐饮,信息传输、软件和信息技术服务,金融,房地产,租赁和商务服务,研究和试验发展,综合技术服务,水利、环境和公共设施管理,居民服务、修理和其他服务,教育,卫生和社会工作,文化、体育和娱乐,公共管理、社会保障和社会组织
农林牧渔产品和服务,0.12651639251458263,3.195567544569823e-06,3.3838476937010686e-09,1.7811815666275399e-07,7.972756998059965e-08,0.24161344860608272,0.05492265319956189,0.0005173613201127435,0.018293220725159636,0.005318096064138001,6.832962264918251e-09,0.003683121591512053,1.991476026798314e-07,2.237989598927204e-09,6.515748641380889e-08,4.730954611264196e-09,8.303469047293964e-08,3.6877894678368735e-09,1.6748944439923275e-08,1.2155767448634122e-11,0.0,0.004966009609688995,0.0,4.849795250749467e-08,9.7788735524948e-10,0.0,7.597411113119421e-05,6.550074952949113e-10,4.415227823439666e-08,0.03569271712969945,1.0066479522730111e-06,3.057049960001065e-08,1.3014387513771527e-06,0.0001391643674660901,0.0010573510531074048,1.2555452892705439e-05,0.020304527781242733,0.0002589921927086753,1.5722277992091338e-05,4.499039893313982e-06,4.095107802456097e-05,0.0
煤炭采选产品,1.4264498722051282e-06,0.09602133754548685,2.772648577993574e-06,0.0001059297169337655,0.000573309905836764,5.9957302864428085e-06,2.0552342314428555e-05,2.1171856310433303e-06,2.0369397897917193e-06,0.00011970116971216056,0.009840344631512971,0.0004940975649822378,0.004813783501855341,0.0009126595721503857,1.6882830571618145e-06,8.823739766952128e-07,9.005744312996329e-07,2.5023767023663025e-08,1.662794247426645e-07,8.315359913246654e-13,1.109528001123461e-07,5.826390846189726e-06,1.5631317015348654e-05,0.03375480776285971,0.003177665666639757,0.0,1.5722545671162962e-07,3.57399575267788e-10,3.044307538311866e-08,3.133305012120985e-08,0.0,2.007745067662154e-09,4.599472108998703e-08,1.0625342650408739e-14,3.2529727645100798e-06,2.7504149328149453e-07,1.5008265495009132e-06,5.380182837890527e-06,1.5510540029383837e-05,1.5981641738008988e-06,3.110190423037814e-07,2.726248333883966e-06
石油和天然气开采产品,0.0,8.83098103513669e-08,1.5961715324507044e-05,1.8901270249260244e-07,1.4464725407358954e-07,0.0,0.0,0.0,0.0,2.3139695304873058e-08,0.17617221203189667,0.00016801431811873144,4.173368292811751e-06,1.226310137477681e-06,1.377403699775263e-06,1.2524433890424783e-06,1.1357365049216994e-06,4.882729803903524e-07,9.729354675694482e-09,0.0,0.0,0.0,0.0,4.539015472647577e-06,0.12373232814347376,0.0,0.0,0.0,2.5602331680346095e-13,0.0,0.0,0.0,0.0,0.0,2.1542889294499585e-10,0.0,0.0,0.0,0.0,8.510586268484693e-09,3.2101535974887433e-10,1.3538759460153869e-08
金属矿采选产品,0.0,0.0,0.0,0.0010011538878386657,0.0,0.0,0.0,0.0,0.0,0.0,2.106152095038851e-06,1.2050262087474051e-05,8.284980700246759e-06,0.016500345089160266,5.455884894199971e-05,0.0,0.0,0.0,0.0,3.8620321113669655e-19,0.0,4.474594957382345e-08,0.0,0.0,0.0,0.0,0.0,0.0,0.0,0.0,0.0,0.0,0.0,0.0,3.253839761490788e-06,0.0,0.0,0.0,0.0,0.0,0.0,0.0
非金属矿和其他矿采选产品,1.2588618878989698e-11,0.0001552139840332259,0.19611120957593497,9.386097100341335e-05,0.000897667266364458,3.5424977121049526e-07,1.2925453010635007e-09,5.076178929647619e-10,4.1094399048892266e-09,1.4177636137989008e-06,2.6409835148800554e-08,5.922209221536082e-05,0.008984181473950312,4.1043932199012814e-07,1.5139875750542568e-07,2.6466657350853628e-08,1.9919903074385638e-07,1.055313716003168e-07,4.842536671750636e-07,1.7334509011936433e-08,6.115736923040298e-10,2.475364928288807e-08,2.1721758366467356e-06,5.256518614433676e-07,0.0,0.0,0.00011292034575918751,1.1713763679767358e-08,5.6418302300964716e-08,1.8791772161173933e-10,2.7873559382876476e-14,3.573325406069962e-12,1.5417253184069136e-12,6.850864896786683e-12,2.4371813198769087e-08,1.3543493470269475e-10,1.132974737631307e-08,6.621555592487579e-10,3.4915134983379547e-10,1.2155191300111608e-11,5.017839322879564e-09,4.370471714452042e-09
食品和烟草,0.045766925904539575,1.3174899229599616e-05,4.28455936024359e-06,0.0001991941554425792,6.783811764506487e-05,0.06572003311027469,8.938235068514026e-06,0.0018929277209670926,4.031734192549727e-05,3.54492221415924e-05,0.00029057260945236044,0.001014540291463921,1.2971441004025788e-05,0.00010685779155908703,5.582582222918325e-05,0.00013136775071989848,8.474770775901907e-05,3.0077380918360467e-05,7.408634554361421e-05,0.00011427878210075684,0.0001232669046418145,0.00014383555849100055,3.856760269890107e-06,0.00011752929212083833,0.00016512488328315902,0.00046856570043285597,7.268697808310896e-06,1.832476770630328e-05,0.00010838448582679657,0.19880877912875253,0.00012137437220008963,5.512214554467713e-05,0.00025016077251496864,0.0007001333163014249,0.001346648877881161,0.00010263713702793003,0.0012222882544137995,0.002834271506762292,0.006536272763745996,0.0006015413625626252,0.016753984306091468,0.0002817506873897445
纺织品,7.453420588919721e-09,5.914100169302098e-07,1.447946708277885e-07,5.23720076784436e-07,1.4901065028244335e-05,3.9912115709514325e-07,0.18651747964123241,0.174430154489254,0.00026234623068897216,0.00114385387866445,1.690400279246161e-07,3.968149222056861e-05,1.7776808150730318e-07,4.816431797625823e-08,6.585676837861617e-06,6.389684982958977e-07,1.361742023084907e-06,2.469740027021989e-06,2.1485289123968156e-06,5.306732388218833e-07,9.820977716001333e-06,0.004409109361391204,1.3299036811056298e-05,2.37811816098921e-10,5.313450612859521e-09,2.5279606869292935e-07,2.2050364861422206e-09,5.224537325582075e-07,5.704790160818195e-06,2.494758752144654e-05,4.2227078325931565e-08,6.270487920076721e-10,1.5243943094001447e-10,2.585629603941515e-06,0.00013090515140454586,2.0219311611290816e-07,6.184951052430356e-05,5.655561210385578e-05,4.1118540644556876e-05,0.00043213917485674286,5.82657009269468e-06,5.660494826257927e-05
纺织服装鞋帽皮革羽绒及其制品,1.748516642257841e-07,0.00016231058808747754,1.7050799797465748e-05,2.3630101602034724e-05,3.915932331730536e-05,1.2531029280631756e-05,5.479520623896001e-05,0.03225123447164257,0.000525303330371281,9.30983818477533e-05,1.8150597437508493e-05,2.0025296195780263e-05,6.154414907759034e-05,1.4284325569458807e-06,7.48179192069894e-06,1.684398304840915e-05,3.467111001467152e-05,9.016821032319339e-05,1.7816815876697684e-05,9.663493055463586e-06,4.754006874447951e-05,0.0001829449609354444,0.00013069158537856235,3.4508734298817464e-06,6.613937222058104e-05,0.0003661326258099097,4.361395524802336e-06,2.77281057381946e-05,2.0737748649210436e-05,5.2847576680523474e-05,3.103394056693369e-06,0.00014951565484211702,5.071753680463494e-05,0.0006307914952696294,7.279943855493173e-05,1.803250642105878e-05,0.00018902464016693345,0.00010394012706117918,1.3092336588761477e-05,0.0001567957817992151,0.003716473479377734,0.0046126786401465515
木材加工品和家具,4.3474409668461176e-07,0.0009753554845416429,1.6740572341594415e-05,2.717445500952706e-05,1.484496532083633e-06,9.077940202556416e-07,2.3282371048526504e-06,2.412890396616464e-06,0.15107373332926052,0.0005972770791961805,9.527592661936864e-07,4.290747140455e-06,1.5897583266196904e-05,9.141214136625537e-08,0.00015763675252689722,5.8277371332438574e-06,5.691802483003248e-06,0.00010463333242604627,3.936342985179179e-06,1.8080031677904918e-06,9.400732892311922e-06,0.0006281951827092785,1.622514855360223e-05,1.9026596900737568e-07,9.153540198484744e-09,2.755018479291785e-08,0.0007103568714122534,6.19908969104149e-07,1.6178004959768007e-06,4.722438164422913e-07,3.296665054735864e-06,1.5232027779782742e-06,3.4204128123367348e-06,9.225829378273371e-07,1.5083936290832172e-07,1.5264726642436269e-06,1.73107200839887e-05,1.90591991623162e-05,4.922499294421279e-06,6.908464870599208e-08,1.828746324813621e-05,0.00013710604155868302
造纸印刷和文教体育用品,4.120393751964684e-06,7.373437095641388e-08,6.294558249007935e-08,1.0892423753831185e-05,1.591763919104995e-05,0.00021262981290746802,1.9734793534398653e-05,5.100481534043735e-05,0.00015767087381273842,0.08915694953769177,3.4568565739985127e-06,9.858270443977963e-05,0.0003181858984312221,2.918874046395298e-07,2.4636041745723146e-05,2.4077634666417856e-05,4.483520958993053e-05,9.301121785271053e-06,0.00010348741230690024,5.4864699820965814e-05,5.1821419618107714e-05,0.0002487373474735181,7.710201921778142e-07,9.81457784172299e-07,9.631911911707157e-08,1.1141023676485935e-06,6.044146675534377e-06,0.00026610672128693627,3.432829928738282e-05,3.595405635360157e-05,0.002907268666059029,0.0026929060882349438,0.00032433868940228344,0.012175683040175675,0.0003963001227743194,0.00028137917530110437,0.0002438680308299826,0.0001501721926795372,0.006606363103701904,1.0112375215478779e-06,0.009374974674104024,0.003560571419481653
石油、炼焦产品和核燃料加工品,9.698293328097584e-05,3.79133722470424e-05,8.015158783448243e-06,0.00920414752144405,0.00932015545824193,1.3134076865159717e-06,2.8219829241921805e-06,4.197429597400292e-06,2.6165265447453624e-05,5.43807768417703e-06,0.009945735407395379,0.003359655332547933,0.0015517697557981228,0.003642598325275901,6.516286553720289e-05,2.4808007280832272e-05,1.2062537921472584e-05,3.9946594870308e-06,4.544691853651922e-06,1.3880225198375218e-06,2.036592946578281e-05,0.00012718011846869344,0.00028174028787843544,0.0004794150226900038,0.0009061388799828053,3.7139384432653296e-06,0.00029643325456715016,3.759200275342696e-05,0.017193808830718738,1.3036300701195438e-05,4.832403560782758e-06,9.411329930650602e-05,2.6779666537276736e-05,0.0009521239516576083,0.00012861181154187818,0.0014549341313982932,0.0003472257078682101,6.21819137752433e-05,0.0003256909201466071,7.050340686242478e-07,3.948707530622838e-05,0.00020458722285105377
化学产品,0.03168911867113883,0.0008219804642214362,0.008119653017088446,0.01187864540862282,0.024658723365372653,0.00034791501295612225,0.017284288409055933,0.005616312329307011,0.009390137761752482,0.026634106208309465,0.0051079908342065265,0.2101250377821166,0.005710742706289394,0.0003038045312956509,0.0016964937507701536,0.0009320456095941706,0.0017733706917030577,0.0030761125856023715,0.008116103066859382,0.001721880282541187,0.0008598317642458972,0.02216595116166766,0.0005753524764983862,3.264489888692813e-07,3.666949562707865e-06,0.0237048582931016,0.0027025076021967064,2.6416587595895154e-05,0.00028344001662295316,0.00015946277657939538,3.331357707176574e-05,1.3611882409455135e-06,6.097483842324089e-06,0.0001487342923788277,0.014171284718332691,0.0053587206699851975,0.014329943354242793,0.013194186608902318,0.002817287752446062,0.3221202059208963,0.0005537159380124553,7.796056953823511e-05
非金属矿物制品,1.0945014226079743e-06,3.125277208764975e-05,9.715872178401585e-07,5.920393584403393e-05,0.001413658105567347,3.0159719412650583e-05,1.6137864057600954e-06,3.4472953924858666e-07,8.667905242261691e-05,5.8738738555677386e-06,0.00020017883688410633,6.118789468896562e-05,0.07598992001794014,0.0003780113141283646,0.0003057212980717397,5.073048297984537e-05,0.00020408515389251416,0.0002629444803402113,0.0012592305702376384,0.0004549163641233374,0.0019069674917748067,5.125718549078673e-05,4.3788441158068967e-05,1.798080200090223e-05,3.058321197323445e-08,1.3082880570308324e-06,0.04544426245796439,1.0997548019414703e-07,3.93635921751043e-07,1.5739335629258278e-06,3.2014174417837006e-08,3.787442974770621e-09,1.2175769501768732e-08,1.714878549368393e-07,0.00029271998933369216,3.732293594173531e-07,0.00014676037870836633,4.560275846338238e-07,5.299965442412769e-05,1.2454000399731375e-06,4.1148727163205604e-09,1.6507604664717153e-09
金属冶炼和压延加工品,2.2502396363247653e-07,0.002757713105840447,0.0007087783215222943,0.0001809814021423617,0.0008875954133216968,1.749372144805395e-07,1.581397297257095e-06,5.433638426623953e-07,0.0002526658996550782,0.0038360231229389048,5.691715705326848e-07,0.0001351675037992001,0.001773510677050132,0.1490610426087121,0.16437356973886785,0.044191117288664976,0.017787227095470082,0.01129724385400931,0.0689017469948405,0.002261332640539913,0.005487676432363108,0.0068534686289194935,0.01893273349280049,3.5220131064108623e-07,7.5733097435937915e-06,1.502901708141895e-05,0.01830935180596472,2.8631749306851e-09,8.328823743423341e-07,3.7140559832581173e-10,1.4818645396385845e-10,8.598612278626191e-16,3.985539469320721e-11,2.088202976666964e-11,7.107729239711708e-06,1.70147943448719e-06,4.397276797209622e-06,1.1619071176960755e-06,2.1855393297026648e-07,2.5766065966626935e-11,2.4143984663466e-10,4.120385169751389e-13
金属制品,2.661855441289993e-06,0.003583153007414993,1.2710904290942058e-06,0.003276926424940999,0.0025267297766939085,1.5749305989132213e-05,1.0136828812683697e-05,1.5197312344867639e-05,0.000885756613570515,0.0001420953202715923,3.417948848558501e-06,8.328538632643125e-05,0.0011891605733146608,7.195746939109471e-06,0.03268292638336526,0.004878846335460401,0.0035247841171522397,0.0009141273113046763,0.0022746999761558404,0.0004755443358221465,0.0026915448573625192,0.0007163737243667733,0.006297300581344847,3.0552337710303877e-07,7.714957262655918e-07,0.0017810595655904599,0.0038412779601742523,1.9453010452592743e-07,1.8098419073795582e-05,1.7631144130182413e-06,1.3902080457828589e-06,5.083898539748328e-08,1.638232118850933e-05,0.0016151490635144831,0.0019038158529641723,0.0016906868294428272,0.00027229533178365825,0.0005458316285544168,2.410841686098744e-05,3.53772861012756e-08,3.583896418192227e-06,1.0212100175665307e-05
通用设备,2.310553996783196e-06,0.0006013954099256023,0.00031921952400890656,0.0015797415705607045,0.0004680506970874411,2.505983539724154e-06,1.7187216088667176e-05,3.330106288698911e-06,4.094609683213396e-05,1.395178633710289e-05,0.00016024865248950274,3.326335511966686e-05,0.0005097132769727052,0.00011832798743764399,0.0011487201723677078,0.07205408249396783,0.01359195652698069,0.0018690354472830914,0.0018507201338327799,8.27352573275456e-05,0.001702845571543344,0.00018376360720577807,0.006078150019154613,2.9610299665704207e-05,1.2226818798010528e-05,2.703087123916703e-05,9.114225140944184e-05,1.7539526437183489e-07,0.00018598880844985437,1.0255732841994503e-06,5.488113966571021e-07,1.919265956796135e-06,7.293814473471523e-07,1.846370201668035e-07,2.5515769721255982e-06,4.801180486665911e-06,1.2391473105164635e-05,6.341595988358889e-07,1.664348316217662e-05,1.3815993847730878e-07,3.596452488094978e-07,1.0346231252237067e-07
专用设备,0.0003476378987767186,0.00146806446089085,0.005488342138987961,0.004354041629309811,0.008564158623792471,3.635019100258832e-07,4.122050024120054e-06,3.2290517931459595e-06,1.6694657947566614e-05,4.07008925744487e-05,1.8863764991729446e-05,2.0909238573233095e-05,4.351064127295347e-05,0.00012672477058207597,9.481068621972308e-05,8.741453828553207e-05,0.024951647433192062,6.0900886023302e-05,5.58871215705883e-05,0.0007788383751932315,0.00035330053646975785,5.931066710312954e-06,0.0012641888736106045,1.3253880045954188e-07,4.0838891804090826e-08,2.593545375098129e-05,6.567376099215484e-05,1.0898271595294094e-09,3.0983453420289685e-06,2.188962382838925e-07,3.5416421394112674e-08,5.0383986023069585e-06,6.883389690065087e-10,6.958931430164192e-07,9.249664448424104e-08,2.1404484252710267e-07,1.2316653568712198e-05,1.1271241308175685e-06,6.501975179791684e-07,0.0023742957844428256,1.9991112319466294e-08,4.63934906694546e-09
交通运输设备,3.631609372414363e-05,8.388776351387533e-06,2.9859546914538957e-07,0.00016318779692969842,0.00020975686817469784,7.200456870424767e-08,1.723700723829951e-07,4.56129901810703e-07,9.160084885554976e-07,5.938415610558136e-07,7.944804530237541e-08,5.812140976755239e-07,2.4537786437027685e-05,1.3745465486918357e-07,2.988155191503481e-06,0.0006106221823405743,0.00145583639003029,0.15272414429833733,1.0908731891841245e-05,8.199954735000525e-07,4.845593826721078e-05,1.7296641989023064e-06,0.02503881010931183,1.7455244018036003e-08,1.0354746145052576e-07,4.64574908007835e-07,1.3254199616368673e-06,8.035269737634832e-08,0.013902459100344893,2.8005853269505864e-06,2.8124201516817045e-07,7.207869626161756e-07,1.0614198999680851e-08,0.002680851575885875,1.1193388958140404e-05,0.00012182090581335494,0.0008091356528376084,0.007546683720299554,7.424310338060083e-07,8.009849052148921e-07,2.160006150456671e-06,7.855431058129262e-05
电气机械和器材,1.4972939006296013e-07,5.870698511152749e-05,6.2941587346118486e-06,0.00010359583456890445,0.0001813321831539639,5.19344159119138e-07,1.0479317469083335e-06,3.24298793726179e-07,1.8568025629467873e-06,2.0350127457110984e-05,8.713511003247194e-07,3.956360558666677e-06,8.37201296031218e-06,1.132453744363264e-06,9.225286508246292e-06,0.005501247264370051,0.0033444682909799183,0.0016148590350413576,0.039220731513098316,0.0047567099482672785,0.005855063806101557,0.00011007272152313227,0.009155581834709757,0.008171029726820597,3.4336037349214895e-06,1.573044186583429e-05,0.0018860300805914531,0.0006972786453483746,4.92795721038616e-05,3.1494767308695722e-06,0.0004275606143804388,7.666580412460443e-08,3.817297218970208e-08,0.0004170048659663851,0.0031502184608593747,0.0009237935805046714,0.00046167094055401213,0.0005256241174075461,3.64334486180414e-07,2.827232045328092e-06,1.8434565006248217e-06,3.248324615686226e-05
通信设备、计算机和其他电子设备,3.1049568121381063e-07,6.860600637237136e-06,1.5791159409570985e-07,1.1065086711764362e-07,1.1279961139569416e-06,4.0061046214687776e-07,1.245180063217253e-07,1.156823783353847e-07,1.848503402456038e-07,1.4033121412957229e-05,4.0502770170557584e-07,3.850436776024629e-06,1.3453867081147579e-06,8.6695593244671e-07,3.983621981319973e-06,0.0021395611047090074,0.005750831042654219,0.0007292197570374672,0.0036537771749342446,0.22247436819333963,0.05501574531091507,0.0003004398639470362,0.0037137951129821373,1.102692409807817e-05,1.3510649027369244e-06,4.869192534876895e-06,2.2494594918696336e-05,0.00022482627402247205,8.057614185597481e-05,1.6388200827008753e-05,0.011278584329103145,7.288558515246994e-06,1.8791313493531768e-06,0.0010851741575810326,0.0028921916522553284,0.005433795440258255,0.0004373353597910121,0.006633406890268551,2.872578029928595e-05,8.453251401094922e-06,0.00010104892709036545,0.00016767410497528157
仪器仪表,3.9783995652129956e-09,1.9585034290757372e-07,0.00029804015561089744,3.3305916220384725e-06,3.401399118777799e-05,2.6439251722113236e-08,3.953048398032233e-09,2.285035983595447e-07,2.7361302340295377e-09,2.8462720012874294e-08,1.8567323139873434e-05,2.109977192029048e-07,9.41253718948936e-07,1.4767035040705844e-07,6.72912337766388e-08,2.2924388171004786e-05,8.018531036243433e-05,2.2097433518708445e-05,5.1405846130575646e-05,1.501208283221552e-05,0.019619841769774188,9.087867606167878e-06,1.0463203153985218e-05,0.0008018812224786774,6.663196024200765e-06,1.059156811877448e-05,1.5190324298764612e-06,2.205918136787901e-10,3.4271650403796824e-08,4.2398073420084084e-10,3.0920191546142696e-06,7.348138555877276e-10,1.645693699208279e-09,5.6151060532460134e-08,0.002839228690098733,0.0032482200417084453,5.080356949823034e-05,3.8862870346826796e-05,0.0007094550951556055,1.7051150544332563e-07,1.204274226895734e-05,3.765101140694626e-07
其他制造产品和废品废料,1.288812952886702e-08,6.198565209716281e-06,3.533575083350686e-06,2.5935692918394267e-06,5.3435214075191744e-06,2.571576860206585e-07,2.7324847709579304e-07,1.184525714492115e-05,7.057538990525519e-07,0.0015251155704115837,2.8732252752414884e-06,1.711848509473208e-05,1.814038805379087e-05,0.00665239003501917,0.00046184209000083514,9.643535041592857e-07,3.419435269357431e-07,1.9914912166854278e-06,1.4792616317858128e-06,2.3607211021573235e-06,4.618343659800013e-07,0.06277591368219733,1.3435298871237372e-05,2.124193070681067e-06,8.593575380446757e-07,7.425749268940657e-07,5.562450482586125e-07,1.800776302494699e-08,2.1366289363421865e-07,4.227689038099805e-07,1.4427814406376203e-07,1.5074456248468353e-08,1.6114320790057236e-05,0.00016048665514962714,0.00015163773611966057,0.00026332898076252866,0.00010530534483911359,0.00022504336892627597,1.8352537860805635e-06,4.0603404607624414e-07,6.054175189534772e-05,2.573134743482277e-07
金属制品、机械和设备修理服务,3.715135782001763e-08,1.1304736917027754e-06,3.7732483104673926e-06,5.721007944750413e-06,1.4588579376684853e-06,4.52890610791071e-08,3.386396092594325e-08,7.263405961274467e-08,1.2080693062015418e-07,2.735904757408336e-07,1.3619549338688669e-06,4.633660528297748e-07,7.689519126389987e-06,4.889349199815756e-07,1.817721844589332e-07,1.4614502268705449e-06,6.142014409783308e-06,7.797820227250995e-07,2.774222360153927e-07,3.4480297754068105e-07,2.0060591988222546e-07,5.514326947565561e-07,1.2256265479811244e-06,4.1787772557797627e-05,7.63133196847779e-06,1.291580864762355e-05,1.1580760070787674e-06,3.6147695085154598e-09,5.013616458368576e-07,4.3432516870651985e-09,2.1788196046564223e-07,4.082610435168645e-09,1.0461408358201784e-07,2.600595838497575e-06,1.5609380746020592e-06,1.9992220304883495e-07,2.1672919358075066e-06,1.7295225028915663e-08,1.3093334284063101e-07,1.3540085714620255e-08,3.229189411039585e-07,1.9084036353558584e-06
电力、热力的生产和供应,0.00044553988976515826,0.0055801936570487,0.009987416610583262,0.045095589018948765,0.01885640602484873,8.872665720794736e-05,0.0004352996813671932,9.929695227717e-05,0.0007018436827597961,0.0006313098659798416,0.002181430804462454,0.0026220428386760806,0.005560155640668044,0.0067376575498909776,0.003856255562399154,0.0005539840799799655,0.0004796068580237153,0.00014236885643348964,0.0002496933765493406,0.00027242019315194295,0.0004448378587558403,0.0009241018665980107,0.001253006402457009,0.20247365503735182,0.0022570740180370757,0.0673526669736957,0.00038614042211362957,0.0005546377922684997,0.0005088906345493397,0.000214400378223762,0.00034946582411105373,0.00012770303655276763,0.00023772165783518553,3.683137935089213e-05,0.000566996775682651,5.892708312564996e-05,0.0020725996852674414,0.0005914118685752955,0.0004976285665004933,0.00012502783859554044,0.00044102056148358297,0.0005216208454305597
燃气生产和供应,9.930218040407919e-08,6.463454435880841e-08,3.14477765029826e-07,1.077810839074866e-08,2.8200245602353564e-06,2.5090650588512724e-07,8.088717468453175e-08,1.2138683259752475e-07,1.7833629161013258e-08,2.0989156759738746e-06,1.8334277973970242e-05,3.89112418745348e-06,2.420798435389358e-07,1.5427465931729193e-07,1.336231623697871e-06,2.272566577704857e-07,1.3262428076972221e-06,1.5049564379506417e-07,2.2707733173614977e-07,4.22226664903239e-08,4.08438362860003e-08,2.9951172308531215e-05,0.00010251368576921134,1.876357628507803e-05,0.05690350305725921,8.368524832191989e-10,4.2129768504622193e-10,4.095524346116809e-08,0.0007174033856753297,8.095447589211127e-05,2.477768556812807e-08,6.066504805650453e-09,4.609356996715413e-05,5.46909377007194e-07,1.9567354652151405e-06,4.26924330776914e-07,3.946351641380142e-06,6.1808365413921e-05,1.1972783956373476e-05,7.917078650578041e-07,1.4083469543786194e-05,4.608677658982634e-07
水的生产和供应,6.727658267822317e-09,2.5018323324900064e-07,3.034578724626595e-06,5.1718127115663e-07,1.547289960064299e-06,1.7679261606123704e-06,1.5144415279711037e-07,3.1184323810140447e-07,3.63855746282433e-07,1.1920670719700375e-06,6.115358592005461e-07,7.17496114703759e-07,1.1837135433943185e-06,3.0125086938024257e-07,1.7044049458698947e-07,7.863124840858802e-07,4.863653114564453e-07,2.1652599288408883e-07,5.962925735707351e-07,5.602198156441058e-07,1.3093976655910753e-06,1.0500574266898807e-05,2.4187276537360493e-06,7.148470868971296e-06,7.646136808640075e-07,0.01100618487165682,1.8523865200012566e-06,1.055805392410546e-06,4.5699055273122333e-07,1.6631376409276944e-05,2.8240319015412576e-07,9.15451575374682e-07,3.553648981331444e-06,3.653304816956352e-08,1.5124090095040342e-05,1.5058379786869258e-07,2.1453631227799095e-05,9.181468127935071e-06,7.964089006295588e-06,1.2334821093765527e-06,1.3411448990422867e-05,3.539302609651131e-06
建筑,2.323732884015742e-06,1.4462501241153974e-06,5.529824128495988e-07,2.776233659811784e-07,2.49020608500839e-07,5.914440839730172e-08,1.6214981739428577e-07,1.2792971202145081e-07,4.5678185404505987e-07,1.2742314078366704e-07,6.901510818684051e-08,2.3440420337407654e-07,1.1037554700613082e-07,5.0828629875205523e-08,8.780955839044622e-08,6.54076538687704e-07,2.1963561318035377e-07,9.123815475450195e-08,1.1756721682840843e-07,1.0519274794911765e-06,2.509309731590409e-07,1.8689820942811689e-06,2.2484815066918914e-06,3.370301518536107e-05,4.6639177813509887e-07,1.433136358027328e-05,0.0023360551671052134,7.661702261930347e-06,7.536964084241432e-06,1.0018160562042507e-05,3.534782539031258e-06,4.199511762631214e-05,0.0023124357273809435,5.107762730778192e-07,1.0648728422080128e-05,2.5183600548147598e-06,0.0002488691720977388,1.4098263748910347e-05,0.00046275463386518355,1.4103409257746712e-05,0.00017733618165166325,0.0009660350877879006
批发和零售,0.004148773514233595,0.0028208553401973765,0.00040979646074272504,0.002986556017609894,0.0031681104042820115,0.008517809940268132,0.0037525656120738268,0.01125234625547791,0.014899373295179198,0.008770782432841615,0.003249852747038702,0.005454380638512748,0.005737946113977116,0.0016673269168700022,0.0033926965311599734,0.005199571375997781,0.005424800110702047,0.010882581884823318,0.00661437627246737,0.007731778065304223,0.006634506788275912,0.003371857165072281,0.005898761966230381,0.0011205786066559118,0.00302229251757316,0.0008038766388906091,0.004527338962677061,0.0004365939209599933,0.00233300478478636,0.009685473585887991,0.0009782307781551576,0.00022281973347970264,0.00012586998031930105,0.003124787478891833,0.0031609820177048104,0.0018366369091681021,0.0027249780995771238,0.0036268036139194917,0.0017047596470209406,0.014403822368800999,0.004205103873217763,0.0013518573561724003
交通运输、仓储和邮政,0.0024876341975405675,0.002302770397437433,0.0002906493109054297,0.002159647927499134,0.0021460737947363285,0.0014226472442157789,0.00193948080560199,0.003424826829663276,0.002057768940324575,0.0015775614445891074,0.0034269509914229297,0.0029443133831120244,0.002643757770427876,0.0018227370965784506,0.0015333488039412132,0.001809738630827437,0.0027096928523329,0.002186817612406337,0.0017401440881866716,0.0006400107609311887,0.0017180589074308127,0.0014558462840647173,0.0013112539175975837,0.0007563012051623971,0.0016141258626127684,0.0003886477087728586,0.0012922763116236858,0.027980834774674376,0.05351128160943703,0.002773576083399761,0.0005532286088381305,0.0010973240687018142,0.00016996894618468374,0.006063475387612294,0.004154509089385207,0.0028455797025309262,0.004130632926880534,0.002520339842675299,0.004153514400071605,0.0029687392007459856,0.004165514452313579,0.004761175634161843
住宿和餐饮,1.893754552139063e-05,3.981300177597277e-05,2.1051931384655424e-05,0.00013849236765688333,7.277394602151372e-05,2.8535814941648767e-05,1.0774191750099642e-05,1.722881039901607e-05,2.9663250264965236e-05,3.7332642260377234e-05,1.6289569126121928e-05,6.569233907969434e-05,6.1028618537121044e-05,1.588680136828405e-05,5.139094761097138e-05,4.41422964955984e-05,0.00014801687150291953,3.111471866006665e-05,4.644176489782118e-05,3.1874039473100746e-05,0.00018442054392686131,3.8405588580890565e-05,0.00020972970696953068,1.632827186061595e-05,2.610521340285206e-05,8.778393200335635e-05,4.361653896850979e-05,0.00015188660117334751,0.0007933628859829087,9.463826386564572e-06,0.00011260559896216346,0.004643480164770886,0.00017362818393927245,0.004664003454379339,0.004574743932373817,0.0026299850485919244,0.00037295724772690115,0.0005027347001151573,0.005786427258149717,4.237775483627057e-05,0.003944965443094688,0.010674705615258118
信息传输、软件和信息技术服务,2.231088304491948e-05,7.966095606231693e-06,1.1644812869297434e-05,0.00010358797360320833,4.0461246407319094e-05,1.1252460168950569e-05,1.155100234876483e-05,3.617691035102016e-05,1.2707947053300298e-05,5.2800464018548373e-05,2.402661235126845e-06,3.18218575574185e-05,1.4670159653823804e-05,3.814347937306953e-06,1.904347393317654e-05,6.930458069452961e-05,6.164482779327714e-05,2.3935844767202764e-05,5.4254990790656075e-05,0.0017396371336774903,0.0001384559729270459,1.0598853434178629e-05,7.387868585342103e-05,0.00010428785483060226,8.169859730648573e-05,0.0003327282082632189,0.0003438244815635627,0.0004305343053324858,0.0024389228132341294,0.00012492119217190687,0.14168260111763592,0.011606603695303672,0.0008699292148351416,0.0005194191644575364,0.0005708009269360587,0.0012086044748812164,0.0007795960339622275,0.00016274956740121765,0.004855320953346826,0.0013194526999937145,0.0014708393514221876,0.024345611086772072
金融,0.0009721230269396009,0.009904869769821415,0.00840557675488712,0.004753430707870081,0.0030550178071638585,5.2267231470630274e-05,0.0001727163098736612,5.7222462454904105e-05,0.00015896899708179194,0.0004488630598197637,0.0007946422544709191,0.0005402287239333105,0.0008420154170064133,0.001816528161547122,0.0006266255093045838,0.00035658833396170434,0.0008192602416789217,0.00013852305599718054,0.00034278142950638685,0.0007790962847493269,0.0006975385513046027,0.0010403383651896442,0.00034665835549394387,0.004396072574205649,0.00492821167083282,0.013643268052547232,0.002399996128051761,0.015233251683477826,0.02332321282953054,0.00020340872823884073,0.0014108328993829979,0.04733288907964493,0.16577981381717494,0.011118956761101783,0.00028824739192105626,0.003927875103206389,0.005368649577165519,0.0007243057760425208,0.008421579490743104,0.0001569668976345068,0.00267781472346745,0.003948419704354962
房地产,1.5894888184352354e-09,1.8439109868992041e-06,6.36875248434562e-07,3.7896937496763893e-10,6.900582749037078e-07,1.7367593961707882e-07,1.4125415016263688e-07,3.615457202438738e-07,1.3921266251633752e-06,3.878713789706015e-07,3.948112574495996e-09,3.761639421767141e-07,3.975934319468852e-07,2.693467399115102e-09,5.205472882919293e-07,8.950138287868505e-07,6.783389196429741e-07,4.1138911152994117e-07,8.035592988599844e-07,8.752835896392422e-07,4.026256525264469e-06,5.71173049455177e-07,0.00031929714412327344,9.516766114482267e-08,2.56073518701563e-06,8.219847404240229e-06,6.211996675516253e-08,0.041585289275790804,0.0004340905197394669,0.004083132481041831,0.015591508517521956,0.0378005349196591,0.022356383067125857,0.008650121047055084,0.0008266708700908421,0.0007295155275255487,0.00039824061627433637,0.046954787948114814,0.019602279105288202,0.0006772461173537535,0.00669840930757606,0.0024365625543310513
租赁和商务服务,3.795303352354564e-05,0.004717612546458589,0.0016328540351699568,0.0032527817298681613,0.002035986574597573,0.0009706647204583559,0.00010232155023557714,0.0010182456357291896,0.0002326951483026528,0.0010157775236625459,0.0007184952913493944,0.0012088043587932232,0.0005801766009741204,8.192262781576263e-05,0.00042350336545651687,0.0008172924735069033,0.0013021625463366649,0.000867513560984629,0.0005807111026787778,0.0007940338738481894,0.0005062668313758215,0.0005770295976056898,0.0009241563580068913,9.488636115658909e-05,0.0017446330755043738,0.0006020256268360101,0.0006047386253795807,0.08373954633713739,0.002289406193186876,0.0008616640238206872,0.020355905851067047,0.039575861553176384,0.04884884323494671,0.02577976642989817,0.00440971673791152,0.006806347931160294,0.0030742893289529764,0.0024731628217360135,0.0012889845235056349,8.6732680354576e-05,0.008131525332332006,0.0054480759004496065
研究和试验发展,0.0,0.0,0.0,0.0,0.0,0.0,0.0,0.0,0.0,0.0,0.0,0.0,0.0,0.0,0.0,0.0,0.0,0.0,0.0,0.0,0.0,0.0,0.0,0.0,0.0,0.0,0.0,0.0,0.0,0.0,0.0,0.0,0.0,0.0,4.3765389313703933e-05,0.0,0.0,0.0,0.0,0.0,0.0,0.0
综合技术服务,0.00026394472358725837,0.00032565102957889645,0.00013194278675504142,0.0007493760426851811,0.0006947166916470051,3.5876128293849545e-06,1.4515768040086371e-06,1.4560210243526378e-05,2.3608979487033055e-05,2.05380139137853e-05,1.465472960456291e-06,0.00010485385260836127,3.2830943343659205e-05,1.804720716000006e-05,3.82233722567647e-05,4.2435407986065765e-05,0.0002194455323512143,0.0002315851874612051,4.60751043747978e-05,0.00022537112002400404,0.00019380547086518055,7.984816907713531e-06,3.5419007215464995e-05,6.261314215194614e-05,5.759434086205435e-08,4.811731506870727e-06,0.012835557259405926,0.00044095204669520314,2.6825433193859654e-05,3.470714482762247e-07,4.180483529526201e-05,4.792283619451272e-06,9.02740483321226e-06,3.911154316013743e-08,0.010924482003059573,0.050436216151074346,2.4519664354211943e-05,1.0021203154981725e-08,7.923435495991413e-05,7.721779383475427e-07,1.814113870175705e-07,1.2940311760564338e-06
水利、环境和公共设施管理,1.2836153063381213e-05,8.50430193366056e-07,1.4558616710847601e-06,1.0015053766218315e-05,1.5828748078950048e-05,3.022328661048385e-07,4.47288459990188e-06,2.1385742175170918e-07,4.3369444520638735e-07,7.465572763559995e-06,1.6945664109967943e-06,8.528606903836451e-07,7.785062363709303e-07,1.297599901593769e-06,3.616278669812668e-07,8.13677318754747e-07,1.6295574252848026e-06,4.280692643331689e-07,4.18632943412996e-07,3.3990273763997214e-07,1.017833623395288e-06,2.8828546761156834e-06,6.2437819612246504e-06,2.0009490662283696e-05,2.3780545035862467e-07,0.01231504429284933,2.8173533352302595e-07,1.5169536587945323e-05,7.393607495395794e-06,1.176157221173112e-06,4.250677132044586e-06,2.4502392980158015e-05,2.1176546246170074e-06,3.596510422965025e-05,2.8766783720741996e-05,3.944968713877131e-06,0.0028476145117964933,1.4221692329672236e-05,1.3796545790231898e-05,2.1830034159474088e-06,2.138883969706108e-05,2.87240213691259e-05
居民服务、修理和其他服务,5.325057204456165e-06,0.0001906912670823845,1.7315213235923852e-05,6.1363611392734265e-06,2.522736865697463e-05,4.144839892663807e-06,4.817769777880268e-06,4.223285165663159e-06,1.456518809676126e-05,1.6673585332596938e-05,1.3296200179394206e-05,1.8497103182650045e-05,1.9319168943735398e-05,3.825984880635251e-06,2.4152061446088464e-05,3.2158877217529145e-05,2.9317300342920606e-05,4.451923286576975e-05,2.545839147832964e-05,2.1053940069281537e-05,3.14673057433647e-05,2.690793315740016e-05,4.2838958696384e-05,2.6939354461584143e-05,3.490029661569323e-05,0.00035786443239462325,7.642069522521829e-05,0.00041437866648235246,0.0005983367339742301,6.92167716015638e-05,1.8204654129310756e-05,9.205459897840026e-05,3.7903371121274865e-05,0.00014662866542964527,0.0007250049725876991,0.00035247318164463435,0.004337652287995049,0.0015125844571698174,0.0017135124926082746,0.00017071127827165072,0.0008385846705250952,0.002871871002173889
教育,1.1001945265509099e-07,5.497634754467483e-07,7.12559993204374e-08,1.0194487163497974e-07,9.216355470467102e-08,2.588594187840258e-08,2.345690042943768e-08,4.3825368504349604e-08,1.0678455295798373e-07,2.220761184888344e-08,4.109819394992661e-08,6.547065765059012e-08,6.719175307291137e-08,6.398107562379642e-09,8.913375561206231e-08,1.6083960628529491e-07,1.388912152007907e-07,4.607809681487182e-08,3.032972240072222e-08,3.18851320754455e-08,1.9130050736910825e-07,1.1649041016579922e-07,1.970783576834958e-06,2.19432944314557e-09,2.426852381369342e-07,1.598181181654418e-06,1.6529864618644759e-07,8.387830299314555e-06,3.2082973767625415e-06,1.0981141969876984e-06,1.2984977296910978e-06,6.518051780071903e-05,8.654733005910379e-07,8.553876267426741e-07,1.2066359456411915e-06,2.3077891178945985e-06,1.634277758066005e-06,1.8027537219349567e-06,0.0024872856617584797,7.71805972964996e-06,1.0798754733327964e-05,0.0005618833334034389
卫生和社会工作,4.423407393357925e-08,1.6265665736481305e-06,1.1723048298503379e-07,1.6696898431829036e-06,8.732588886837515e-07,6.960132834814646e-09,2.3046451716059033e-08,7.15737979233987e-08,6.045691626506702e-08,8.741785107036216e-08,1.9161309329988797e-05,2.7313378492420648e-08,2.3848906395514257e-07,2.5690350077754694e-07,5.012201748850513e-07,1.149548869943729e-06,9.62554610971267e-07,3.0871866024468774e-07,3.4077321039793983e-07,5.1231194641530836e-08,4.24180677133324e-07,5.72139598375067e-08,1.8806784500127702e-07,5.80754028746673e-07,7.935079234357382e-07,8.537833688230396e-09,3.25057154173245e-07,5.686030135141284e-07,6.366478523208696e-07,1.4910838344768364e-09,2.441963296548219e-09,5.16660519656277e-07,7.09091159777609e-11,1.0557097386279828e-10,2.2369659929765674e-08,1.7122064899384808e-08,1.761626729857574e-07,2.740533172189433e-07,1.764131096625738e-06,0.00010116053362703189,4.4893377252312454e-07,5.740083406469298e-05
文化、体育和娱乐,3.839335527282304e-08,5.346585275034628e-06,9.848005531526105e-06,8.999258246634785e-06,1.7627117895253342e-06,9.384448706197676e-07,1.877059764194096e-06,2.0181503099633666e-06,1.992347398534084e-06,9.499216488041174e-07,2.4341096754892e-06,2.6073767143943953e-06,3.0204327579458944e-06,1.3641800818946223e-06,1.2684078967430027e-06,6.471489265355844e-06,3.5612187302989656e-06,6.425370900236239e-06,2.1768263221115564e-06,2.531692774608226e-06,1.948007217257337e-06,3.5051202241741002e-06,4.87824578009174e-06,4.312641278897706e-06,4.907341365605644e-06,3.827644189934428e-05,1.6888863394622773e-06,9.71761780959097e-06,1.150924693187467e-05,5.007768681195125e-06,4.753988487362768e-05,0.0007407874107571478,1.8473119709040614e-05,3.878803396397259e-05,6.643710546921726e-05,1.4882666349549787e-05,3.5714590874963016e-05,6.303089710250288e-05,0.0001815736521293684,1.12855390504384e-06,0.011163126226677585,0.0003847407966791816
公共管理、社会保障和社会组织,6.721440022094729e-07,3.3445347489058784e-07,3.4038637255434237e-07,5.578193605630876e-07,4.99722611779119e-07,8.243192384018444e-08,2.470502488523025e-07,1.8434241410482974e-07,1.5151613781535732e-07,1.7647350708234606e-07,1.0630716673682227e-07,3.249724276128413e-07,7.27818428217541e-07,7.222527129875713e-08,3.7281702435751877e-07,3.3935550483139845e-07,4.819976637423541e-07,1.2411289963917342e-07,8.108133668573975e-08,1.594421105193755e-07,1.2897757447838012e-07,5.438243245741965e-06,1.6825189110639282e-06,2.388211330434297e-07,2.8820150617561943e-07,3.1096122506676915e-06,4.0879314176478506e-08,2.511609071152391e-07,6.304674695490067e-07,2.0577753302444043e-07,8.765202231332534e-07,3.0239942527518104e-06,1.9694941899690565e-05,4.346119037177574e-06,2.0090970633174785e-06,2.7290744160495626e-06,3.5547151808054653e-06,1.3871925268141982e-06,3.484952667418959e-05,2.510263669522505e-07,4.596182219041639e-06,0.003504395011368434
